订单号,产品类别,产品名称,销售数量,单价,客户所在城市,支付方式,订单日期
890779946,电子产品,手机,4,499,武汉,微信支付,2025-10-22
200604502,图书,教材,-7,199,"",支付宝,2025.10.08
550455977,图书,考试资料,9,-15,成都,京东白条,2025-10-15
398362082,图书,工具书,3,15,郑州,银行卡,2025-10-07
398362082,家居用品,枕头,7,-29,深圳,银行卡,2025-12-09
692749116,电子产品,键盘,2,4999,长沙,支付宝,2025-11-27
810026086,图书,绘本,4,199,,支付宝,2025-10-25
586845604,家居用品,枕头,2,59,长沙,银行卡,2025-12-27
853573823,家居用品,被子,6,129,成都,银行卡,2025-12-21
596348124,电子产品,钢化膜,9,299,武汉,微信支付,2025-11-09
964411347,图书,漫画,1,79,武汉,支付宝,2025-11-13
803771909,家居用品,枕头,10,59,苏州,微信支付,2025-11-13
678722458,食品,饼干,3,39,武汉,京东白条,2025-11-24
248532577,图书,传记,7,199,天津,微信支付,2025-12-16
740389325,电子产品,手机,3,199,南京,花呗,2025-10-13
112327652,食品,矿泉水,9,89,西安,京东白条,2025-12-24
566825638,电子产品,智能手表,6,499,深圳,银行卡,2025-10-15
771410971,电子产品,充电宝,3,4999,厦门,支付宝,2025-11-27
679153816,图书,考试资料,3,45,天津,微信支付,2025-12-01
992994062,图书,绘本,1,129,深圳,银行卡,2025-11-08
976198296,电子产品,耳机,2,5999,广州,花呗,2025-10-25
384602384,图书,杂志,8,35,福州,微信支付,2025-12-28
528414718,图书,传记,9,45,成都,银行卡,2025-12-21
341266931,家居用品,毛巾,8,399,深圳,微信支付,2025-10-11
107721109,电子产品,钢化膜,4,4999,合肥,微信支付,2025-10-23
652070932,电子产品,耳机,1,199,苏州,支付宝,2025-10-09
607526654,食品,坚果,3,129,合肥,京东白条,2025-10-26
480424119,食品,茶叶,2,25,深圳,花呗,2025-11-14
959629660,食品,牛奶,1,9,长沙,银行卡,2025-10-08
297018781,服装,外套,8,699,杭州,花呗,2025-11-15
800235246,服装,牛仔裤,9,499,深圳,支付宝,2025-12-27
616854671,电子产品,笔记本电脑,3,399,郑州,花呗,2025-10-28
384759615,食品,牛奶,7,15,北京,花呗,2025-11-10
333754555,食品,薯片,3,89,成都,银行卡,2025-10-19
611947770,图书,小说,1,79,上海,京东白条,2025-12-28
173574218,图书,杂志,9,15,广州,微信支付,2025-12-03
738360085,服装,帽子,10,59,武汉,京东白条,2025-10-20
379995032,电子产品,鼠标,10,5999,厦门,银行卡,2025-10-22
590941149,家居用品,台灯,7,89,杭州,银行卡,2025-11-25
178663096,电子产品,手机,10,2999,合肥,支付宝,2025-12-07
496776692,图书,工具书,6,35,广州,微信支付,2025-11-06
817112652,食品,薯片,10,39,厦门,支付宝,2025-12-10
266910922,电子产品,平板电脑,2,499,深圳,京东白条,2025-11-10
624557080,图书,漫画,4,79,西安,京东白条,2025-11-28
458153605,电子产品,笔记本电脑,5,1299,上海,支付宝,2025-10-21
110382761,家居用品,被子,9,299,郑州,京东白条,2025-10-03
259014493,服装,西装裤,6,39,合肥,京东白条,2025-11-05
832363533,电子产品,充电宝,1,899,天津,微信支付,2025-10-22
354194771,电子产品,数据线,7,4999,济南,微信支付,2025-10-26
961393416,服装,帽子,3,39,苏州,花呗,2025-12-28
605399561,服装,运动鞋,2,89,长沙,支付宝,2025-10-07
808705238,食品,咖啡,4,39,武汉,支付宝,2025-10-13
529151399,家居用品,收纳箱,5,29,天津,京东白条,2025-12-27
723403479,图书,绘本,2,15,西安,微信支付,2025-11-02
750911797,电子产品,钢化膜,6,1299,苏州,花呗,2025-12-04
101815992,食品,矿泉水,5,25,上海,花呗,2025-12-26
769108025,图书,漫画,7,79,广州,银行卡,2025-11-22
532074125,电子产品,充电宝,5,4999,郑州,银行卡,2025-12-10
760904107,图书,杂志,7,45,长沙,微信支付,2025-12-10
561588882,食品,薯片,5,5,重庆,微信支付,2025-12-20
608079792,家居用品,毛巾,8,299,成都,京东白条,2025-12-06
978775497,电子产品,充电宝,10,4999,苏州,支付宝,2025-10-22
362897676,家居用品,台灯,3,59,北京,支付宝,2025-11-20
630833445,电子产品,键盘,10,1299,成都,花呗,2025-11-08
963406382,服装,T恤,7,59,武汉,微信支付,2025-12-17
243171768,食品,牛奶,4,129,深圳,花呗,2025-11-22
975106572,图书,科普书,6,199,青岛,京东白条,2025-12-17
378304807,食品,薯片,3,89,大连,花呗,2025-10-27
183197117,家居用品,拖鞋,4,299,西安,花呗,2025-12-10
248578017,服装,运动鞋,6,299,福州,支付宝,2025-10-08
455281184,食品,饼干,2,25,郑州,花呗,2025-12-15
846812123,食品,牛奶,7,25,长沙,京东白条,2025-10-28
909037759,图书,传记,1,129,天津,银行卡,2025-11-28
335602191,食品,薯片,10,129,武汉,花呗,2025-11-14
601856351,食品,牛奶,6,69,长沙,微信支付,2025-10-20
190137896,图书,小说,10,99,合肥,支付宝,2025-12-14
451492250,服装,围巾,1,89,西安,花呗,2025-10-15
996478772,家居用品,晾衣架,5,199,郑州,银行卡,2025-10-16
938842599,电子产品,智能手表,6,99,武汉,支付宝,2025-12-02
356135680,电子产品,耳机,1,399,济南,微信支付,2025-10-16
280162221,电子产品,钢化膜,8,399,西安,银行卡,2025-12-20
434961542,电子产品,平板电脑,2,499,合肥,支付宝,2025-12-22
209415691,食品,茶叶,2,25,合肥,微信支付,2025-12-25
672030854,家居用品,地毯,10,29,上海,银行卡,2025-11-22
982971099,家居用品,枕头,6,399,北京,花呗,2025-11-04
887906704,食品,咖啡,3,89,郑州,微信支付,2025-12-21
986625773,家居用品,地毯,8,399,青岛,花呗,2025-12-19
361846370,家居用品,晾衣架,2,59,西安,花呗,2025-11-19
295249057,图书,传记,1,79,大连,银行卡,2025-11-07
696776072,家居用品,收纳箱,5,129,济南,银行卡,2025-10-17
914073098,服装,牛仔裤,7,129,大连,京东白条,2025-10-23
337937327,食品,巧克力,1,89,广州,银行卡,2025-11-23
670073085,服装,运动鞋,6,899,大连,京东白条,2025-11-14
369942642,图书,绘本,8,79,西安,银行卡,2025-10-04
332341238,服装,袜子,9,59,南京,微信支付,2025-12-16
994027897,家居用品,地毯,10,399,重庆,支付宝,2025-10-10
235917419,服装,袜子,5,89,北京,京东白条,2025-11-02
113169872,电子产品,智能手表,3,499,大连,支付宝,2025-12-10
371096600,食品,巧克力,6,89,南京,支付宝,2025-11-04
262915636,电子产品,鼠标,2,2999,合肥,支付宝,2025-10-26
920814900,图书,工具书,4,25,深圳,京东白条,2025-11-20
575368059,图书,考试资料,9,45,长沙,花呗,2025-11-28
754586204,图书,传记,10,59,济南,支付宝,2025-12-04
286630878,服装,外套,2,199,南京,微信支付,2025-12-03
412737284,服装,T恤,8,399,济南,花呗,2025-10-08
945923902,家居用品,收纳箱,2,299,武汉,银行卡,2025-12-19
385220694,服装,帽子,9,59,武汉,微信支付,2025-10-03
571537429,电子产品,平板电脑,10,499,合肥,银行卡,2025-10-15
570040006,家居用品,水杯,9,89,福州,花呗,2025-10-20
198061499,电子产品,鼠标,10,899,西安,支付宝,2025-10-22
919382051,图书,考试资料,5,15,合肥,支付宝,2025-10-16
781594897,图书,历史书,3,59,合肥,花呗,2025-11-03
272684373,食品,咖啡,6,69,苏州,支付宝,2025-11-14
194553481,食品,方便面,9,69,上海,花呗,2025-11-09
596043327,家居用品,枕头,9,199,北京,京东白条,2025-11-02
916033628,服装,西装裤,10,299,大连,花呗,2025-10-07
230380269,家居用品,拖鞋,5,39,青岛,花呗,2025-10-21
692975437,图书,漫画,5,35,福州,支付宝,2025-11-03
869446962,服装,牛仔裤,2,499,杭州,花呗,2025-11-17
691916368,家居用品,水杯,8,299,武汉,花呗,2025-10-13
929653607,服装,手套,3,699,广州,银行卡,2025-11-11
722687986,图书,工具书,5,15,重庆,京东白条,2025-12-16
692616814,服装,围巾,8,699,天津,银行卡,2025-12-13
350785761,食品,咖啡,4,25,合肥,花呗,2025-11-02
139749508,家居用品,毛巾,7,199,杭州,花呗,2025-10-17
590622789,图书,绘本,8,25,深圳,京东白条,2025-10-24
463527356,服装,帽子,2,89,大连,银行卡,2025-12-23
773020489,食品,面包,9,49,长沙,银行卡,2025-12-25
777703980,食品,薯片,10,5,广州,微信支付,2025-12-10
278632824,服装,牛仔裤,2,399,深圳,花呗,2025-12-10
502482554,电子产品,手机,1,899,重庆,银行卡,2025-11-05
287979290,服装,西装裤,10,399,南京,微信支付,2025-10-20
349310440,食品,矿泉水,8,25,合肥,微信支付,2025-11-21
827579147,家居用品,毛巾,1,89,青岛,银行卡,2025-12-06
841218491,电子产品,键盘,10,899,重庆,花呗,2025-11-15
509486794,家居用品,台灯,8,199,深圳,微信支付,2025-12-12
108695125,图书,工具书,1,59,长沙,银行卡,2025-12-28
961067882,电子产品,钢化膜,5,2999,武汉,京东白条,2025-11-08
431714152,服装,手套,3,199,深圳,支付宝,2025-11-02
902601465,图书,绘本,2,35,重庆,银行卡,2025-11-06
392624015,服装,连衣裙,6,699,厦门,京东白条,2025-10-09
251136695,食品,方便面,2,49,青岛,支付宝,2025-10-28
383960237,食品,薯片,2,49,长沙,支付宝,2025-12-04
216335741,食品,咖啡,10,39,长沙,银行卡,2025-12-08
337691219,食品,牛奶,9,199,苏州,京东白条,2025-12-03
139956218,食品,方便面,2,69,杭州,支付宝,2025-11-16
587096273,电子产品,笔记本电脑,9,399,杭州,花呗,2025-11-22
995171130,图书,传记,3,199,郑州,支付宝,2025-11-20
577488537,食品,方便面,6,5,成都,花呗,2025-10-28
527499187,家居用品,枕头,9,129,天津,支付宝,2025-11-07
154308262,电子产品,键盘,4,199,济南,支付宝,2025-11-08
729624046,服装,手套,2,129,福州,微信支付,2025-10-27
255357534,服装,袜子,10,89,北京,银行卡,2025-10-18
484659715,家居用品,被子,1,29,杭州,支付宝,2025-10-19
896413702,家居用品,床垫,5,39,上海,微信支付,2025-11-17
737444033,电子产品,笔记本电脑,8,2999,天津,京东白条,2025-10-15
591819409,图书,漫画,1,199,厦门,银行卡,2025-12-01
864935082,电子产品,键盘,7,1299,深圳,花呗,2025-11-03
395296179,电子产品,数据线,3,5999,广州,微信支付,2025-12-21
416644047,图书,科普书,7,79,济南,京东白条,2025-11-17
561784080,图书,传记,2,25,福州,微信支付,2025-11-08
435596237,食品,咖啡,7,89,郑州,支付宝,2025-11-11
993108266,家居用品,晾衣架,8,39,广州,支付宝,2025-10-03
729712082,食品,面包,3,49,福州,支付宝,2025-12-18
408839723,家居用品,枕头,6,199,郑州,支付宝,2025-12-10
805165232,家居用品,枕头,9,599,成都,微信支付,2025-11-08
716435189,电子产品,数据线,6,4999,深圳,银行卡,2025-10-26
753903309,食品,薯片,10,199,福州,支付宝,2025-12-27
476908532,家居用品,床垫,5,39,重庆,银行卡,2025-10-06
198524063,服装,手套,2,399,杭州,支付宝,2025-12-17
497341481,服装,帽子,8,399,苏州,微信支付,2025-11-24
269017588,家居用品,地毯,2,599,上海,微信支付,2025-12-02
574641329,电子产品,充电宝,7,2999,大连,京东白条,2025-11-09
404133583,服装,西装裤,6,59,郑州,支付宝,2025-12-22
524410834,图书,历史书,5,159,上海,微信支付,2025-12-02
410791488,电子产品,耳机,4,499,杭州,银行卡,2025-11-04
671855941,电子产品,键盘,3,1299,杭州,花呗,2025-12-08
568387228,图书,科普书,2,79,长沙,支付宝,2025-10-15
861818706,电子产品,数据线,7,5999,合肥,花呗,2025-12-14
960413104,家居用品,枕头,1,199,苏州,微信支付,2025-12-15
732295732,家居用品,枕头,2,199,武汉,花呗,2025-11-17
936571442,电子产品,鼠标,6,499,武汉,银行卡,2025-10-03
476990466,图书,教材,9,159,成都,银行卡,2025-12-27
286293158,服装,外套,3,59,西安,微信支付,2025-12-05
582008349,电子产品,平板电脑,8,2999,合肥,京东白条,2025-12-19
603500181,图书,绘本,3,79,青岛,支付宝,2025-11-21
179661615,家居用品,收纳箱,1,599,天津,京东白条,2025-11-15
792205349,食品,牛奶,6,5,重庆,支付宝,2025-10-20
950207886,图书,科普书,8,99,合肥,京东白条,2025-12-02
638339044,食品,矿泉水,6,25,济南,花呗,2025-10-02
142028540,食品,面包,2,49,厦门,微信支付,2025-10-23
490732457,食品,巧克力,9,129,济南,微信支付,2025-11-10
170772317,食品,茶叶,10,49,上海,银行卡,2025-11-04
457944766,图书,传记,5,59,济南,微信支付,2025-10-19
861104727,服装,袜子,7,199,杭州,京东白条,2025-10-10
793663866,图书,传记,3,79,厦门,支付宝,2025-12-14
329987621,图书,绘本,6,15,重庆,微信支付,2025-11-25
417604347,食品,坚果,3,25,杭州,支付宝,2025-10-17
741288486,图书,科普书,6,15,济南,微信支付,2025-11-05
541156077,服装,连衣裙,3,899,青岛,支付宝,2025-11-22
673390109,服装,围巾,5,899,青岛,微信支付,2025-10-10
926178355,食品,坚果,10,49,青岛,花呗,2025-11-25
960345542,食品,薯片,7,129,南京,微信支付,2025-12-05
863860982,家居用品,床垫,6,299,福州,支付宝,2025-12-28
651208305,电子产品,充电宝,3,199,西安,花呗,2025-10-27
545492166,食品,面包,8,25,天津,支付宝,2025-10-13
341096660,图书,绘本,7,45,广州,银行卡,2025-10-11
990949719,电子产品,数据线,3,299,上海,银行卡,2025-11-23
120405269,服装,围巾,10,499,北京,支付宝,2025-11-07
933409017,服装,西装裤,9,899,郑州,支付宝,2025-11-08
590822013,家居用品,枕头,4,19,郑州,京东白条,2025-10-04
359779090,食品,矿泉水,1,129,厦门,京东白条,2025-12-05
712745501,家居用品,水杯,10,19,天津,微信支付,2025-11-06
644738967,电子产品,智能手表,2,899,厦门,京东白条,2025-12-18
372354893,电子产品,鼠标,1,2999,长沙,银行卡,2025-12-01
889401015,家居用品,枕头,4,129,深圳,京东白条,2025-11-05
846668526,电子产品,数据线,6,4999,南京,花呗,2025-11-21
316456682,服装,连衣裙,8,59,上海,银行卡,2025-10-26
975535611,服装,T恤,5,299,厦门,花呗,2025-12-16
804086195,家居用品,床垫,5,59,天津,支付宝,2025-11-09
464037804,电子产品,数据线,7,1299,青岛,花呗,2025-10-16
184747224,食品,咖啡,5,129,广州,花呗,2025-11-20
452101316,服装,西装裤,6,199,深圳,支付宝,2025-12-10
477470703,家居用品,毛巾,7,599,南京,花呗,2025-11-02
820678212,家居用品,地毯,5,199,上海,支付宝,2025-12-13
828092377,家居用品,拖鞋,1,39,杭州,京东白条,2025-11-02
709074302,服装,牛仔裤,6,129,天津,花呗,2025-10-20
716243819,服装,围巾,6,299,青岛,支付宝,2025-10-17
127824235,家居用品,水杯,5,129,武汉,支付宝,2025-12-06
932111777,食品,薯片,9,69,深圳,银行卡,2025-11-23
231680929,食品,坚果,5,199,大连,微信支付,2025-10-28
817087513,电子产品,键盘,8,299,广州,银行卡,2025-11-23
864299201,电子产品,智能手表,5,4999,重庆,微信支付,2025-12-23
950474042,服装,袜子,4,699,深圳,微信支付,2025-10-08
601873197,食品,牛奶,9,49,合肥,银行卡,2025-12-05
664461415,图书,教材,5,25,长沙,花呗,2025-11-25
583156434,食品,矿泉水,3,9,苏州,支付宝,2025-11-22
924399252,图书,绘本,9,35,合肥,微信支付,2025-10-14
276799196,图书,小说,9,25,杭州,银行卡,2025-10-11
310777576,服装,袜子,5,699,广州,银行卡,2025-12-18
639633807,家居用品,被子,10,89,福州,支付宝,2025-12-06
462516271,图书,考试资料,3,35,济南,京东白条,2025-12-02
923515952,电子产品,笔记本电脑,10,99,西安,微信支付,2025-12-14
618558050,图书,小说,9,129,重庆,银行卡,2025-10-26
572022811,食品,方便面,2,89,上海,微信支付,2025-11-16
871336275,食品,坚果,10,49,杭州,银行卡,2025-11-24
214014134,家居用品,水杯,6,39,厦门,京东白条,2025-11-08
203950725,食品,面包,8,39,武汉,微信支付,2025-10-10
720286733,食品,矿泉水,4,69,南京,银行卡,2025-12-11
431292818,服装,连衣裙,9,499,青岛,花呗,2025-11-01
726360971,电子产品,鼠标,8,4999,武汉,微信支付,2025-11-02
676267306,电子产品,充电宝,10,2999,大连,银行卡,2025-10-28
492922240,电子产品,鼠标,5,299,天津,花呗,2025-10-13
409883716,电子产品,钢化膜,4,4999,天津,京东白条,2025-10-13
227572362,图书,历史书,5,159,济南,京东白条,2025-10-04
313736772,食品,咖啡,9,49,天津,微信支付,2025-12-17
866213410,食品,薯片,1,5,上海,微信支付,2025-11-26
250088694,食品,薯片,3,89,济南,京东白条,2025-11-20
461178244,家居用品,被子,10,199,重庆,京东白条,2025-12-27
975903641,图书,科普书,10,129,重庆,花呗,2025-10-12
740926818,家居用品,枕头,10,199,重庆,支付宝,2025-11-09
283085932,图书,考试资料,1,45,合肥,花呗,2025-12-21
852178601,图书,传记,4,35,上海,京东白条,2025-10-07
841419015,电子产品,键盘,7,899,杭州,花呗,2025-10-14
322631460,图书,考试资料,1,129,杭州,京东白条,2025-12-11
672440825,食品,薯片,6,69,南京,花呗,2025-11-18
399580835,家居用品,收纳箱,8,599,成都,微信支付,2025-12-10
615185000,服装,运动鞋,4,199,大连,银行卡,2025-11-18
523625992,家居用品,收纳箱,10,29,福州,花呗,2025-11-25
574997731,服装,运动鞋,5,39,广州,银行卡,2025-12-09
847508242,食品,坚果,9,25,西安,京东白条,2025-11-05
819228743,电子产品,钢化膜,4,5999,武汉,支付宝,2025-12-08
207959268,服装,T恤,7,59,苏州,花呗,2025-12-25
612656440,服装,T恤,3,699,郑州,花呗,2025-12-07
349344539,家居用品,晾衣架,1,89,广州,京东白条,2025-12-24
946066287,电子产品,平板电脑,3,1299,上海,花呗,2025-11-06
215213239,家居用品,床垫,5,19,合肥,京东白条,2025-11-10
602533479,食品,薯片,8,129,杭州,京东白条,2025-11-07
115122787,电子产品,数据线,8,299,西安,微信支付,2025-12-11
987973565,家居用品,地毯,3,59,济南,花呗,2025-11-17
612662437,家居用品,枕头,2,199,南京,微信支付,2025-11-08
453932473,电子产品,充电宝,4,1299,青岛,银行卡,2025-11-19
817029885,图书,小说,6,59,武汉,支付宝,2025-10-15
785811060,家居用品,被子,9,199,重庆,支付宝,2025-11-12
588529624,图书,漫画,3,45,大连,微信支付,2025-12-20
918040539,家居用品,水杯,8,399,福州,微信支付,2025-10-22
183862154,图书,教材,8,159,厦门,银行卡,2025-12-04
260902774,电子产品,智能手表,4,4999,合肥,京东白条,2025-10-11
197647841,图书,历史书,4,25,合肥,花呗,2025-12-15
705495031,电子产品,键盘,9,299,郑州,花呗,2025-10-18
900801470,食品,方便面,7,5,西安,支付宝,2025-10-19
164698991,电子产品,手机,6,1299,广州,京东白条,2025-10-16
502074351,电子产品,充电宝,3,1299,杭州,花呗,2025-11-15
227381397,食品,茶叶,9,9,杭州,银行卡,2025-10-18
420364823,食品,薯片,4,15,北京,支付宝,2025-11-22
594592624,图书,传记,7,159,武汉,微信支付,2025-11-05
922543647,家居用品,台灯,1,29,郑州,京东白条,2025-10-08
741866641,服装,牛仔裤,10,59,上海,花呗,2025-12-23
679562681,电子产品,耳机,7,99,青岛,微信支付,2025-10-25
442420233,电子产品,平板电脑,5,4999,武汉,京东白条,2025-12-20
544056890,家居用品,台灯,3,89,厦门,微信支付,2025-11-09
632168774,电子产品,智能手表,3,5999,郑州,京东白条,2025-10-12
422002819,食品,薯片,7,49,郑州,微信支付,2025-11-06
965195567,图书,历史书,4,45,重庆,微信支付,2025-11-02
517061783,图书,传记,9,99,厦门,微信支付,2025-10-09
675134276,服装,袜子,8,59,天津,支付宝,2025-12-27
142463863,服装,T恤,7,199,济南,京东白条,2025-10-07
425545658,图书,科普书,8,45,成都,银行卡,2025-10-07
525880424,服装,牛仔裤,4,499,济南,微信支付,2025-10-18
431165907,家居用品,收纳箱,8,199,福州,银行卡,2025-11-12
318106480,图书,历史书,2,129,大连,银行卡,2025-11-11
380004069,食品,牛奶,4,199,杭州,支付宝,2025-12-19
346980616,图书,传记,3,59,成都,银行卡,2025-11-19
876914430,服装,围巾,6,699,西安,花呗,2025-12-24
873430762,食品,巧克力,6,15,南京,微信支付,2025-12-16
978316418,服装,西装裤,9,39,上海,支付宝,2025-12-02
109815572,电子产品,鼠标,4,299,广州,微信支付,2025-10-17
807901168,食品,咖啡,10,5,济南,花呗,2025-11-01
668457864,电子产品,智能手表,7,4999,北京,支付宝,2025-12-09
214908010,图书,工具书,9,15,郑州,微信支付,2025-10-17
975329786,服装,外套,10,129,厦门,银行卡,2025-11-09
361142486,食品,面包,7,49,青岛,京东白条,2025-12-08
504982743,家居用品,枕头,2,19,长沙,花呗,2025-12-16
792463878,电子产品,手机,2,299,大连,花呗,2025-11-19
610564546,电子产品,智能手表,4,99,成都,京东白条,2025-11-02
437675369,电子产品,充电宝,10,4999,上海,微信支付,2025-10-07
705545509,图书,杂志,2,99,重庆,微信支付,2025-10-19
637722224,食品,薯片,7,49,杭州,支付宝,2025-12-12
749794986,电子产品,笔记本电脑,4,1299,广州,银行卡,2025-12-20
344961731,食品,咖啡,5,5,青岛,花呗,2025-11-18
929108437,食品,茶叶,10,15,长沙,支付宝,2025-12-10
864157523,服装,牛仔裤,5,59,杭州,花呗,2025-12-05
430999662,食品,咖啡,2,49,广州,支付宝,2025-11-12
581942228,家居用品,枕头,2,39,南京,花呗,2025-12-18
695088987,图书,传记,1,25,广州,银行卡,2025-10-20
516396603,图书,绘本,1,99,重庆,花呗,2025-10-24
282001119,图书,漫画,9,199,南京,花呗,2025-10-09
566730092,家居用品,收纳箱,3,299,广州,微信支付,2025-11-14
874059895,家居用品,毛巾,6,29,西安,微信支付,2025-12-16
427124037,图书,考试资料,8,45,深圳,微信支付,2025-10-13
562370643,家居用品,地毯,6,199,青岛,银行卡,2025-12-20
437351729,服装,运动鞋,10,299,成都,花呗,2025-10-13
503786306,家居用品,收纳箱,10,299,武汉,银行卡,2025-11-27
685864775,食品,咖啡,10,9,成都,京东白条,2025-10-22
992582047,图书,小说,4,129,青岛,银行卡,2025-12-03
807233980,食品,巧克力,5,15,武汉,银行卡,2025-10-23
725179752,食品,茶叶,8,9,济南,花呗,2025-11-18
737609304,图书,传记,1,159,天津,京东白条,2025-12-03
704753177,电子产品,耳机,3,899,济南,支付宝,2025-12-22
377818215,食品,咖啡,2,69,北京,支付宝,2025-10-17
501707828,图书,科普书,10,199,武汉,花呗,2025-11-15
212259020,图书,科普书,6,35,北京,花呗,2025-11-14
588909690,电子产品,笔记本电脑,6,299,重庆,银行卡,2025-10-17
442426442,食品,咖啡,2,89,青岛,花呗,2025-10-10
895094534,电子产品,笔记本电脑,6,99,深圳,微信支付,2025-10-17
596126873,服装,西装裤,6,89,福州,花呗,2025-10-26
891764728,食品,饼干,7,15,长沙,支付宝,2025-12-07
320959407,食品,矿泉水,7,69,北京,微信支付,2025-11-25
450023635,电子产品,钢化膜,9,199,南京,银行卡,2025-10-15
517298229,电子产品,充电宝,9,2999,苏州,京东白条,2025-12-13
285250002,图书,教材,6,79,青岛,京东白条,2025-12-23
226552991,家居用品,地毯,2,599,杭州,银行卡,2025-10-10
549080818,电子产品,平板电脑,3,899,厦门,花呗,2025-12-05
844567935,图书,传记,3,99,大连,京东白条,2025-12-06
437777716,图书,杂志,5,129,杭州,微信支付,2025-11-20
975331448,电子产品,数据线,8,99,杭州,微信支付,2025-11-18
624737111,图书,历史书,8,99,郑州,花呗,2025-10-03
341423782,图书,小说,5,45,上海,银行卡,2025-12-10
221559383,服装,围巾,8,899,福州,京东白条,2025-12-04
686642360,家居用品,拖鞋,9,129,上海,花呗,2025-10-14
474281674,电子产品,耳机,1,499,青岛,银行卡,2025-10-15
779432289,电子产品,耳机,10,399,天津,京东白条,2025-11-06
476685251,图书,杂志,4,45,上海,京东白条,2025-12-09
714970148,图书,科普书,6,35,重庆,银行卡,2025-11-28
804263267,图书,教材,7,35,上海,银行卡,2025-10-23
625552311,服装,外套,6,89,武汉,花呗,2025-10-19
532557724,家居用品,水杯,8,199,广州,支付宝,2025-12-24
102655449,家居用品,晾衣架,8,299,苏州,京东白条,2025-12-03
561325766,食品,咖啡,9,9,长沙,微信支付,2025-10-16
240224505,家居用品,晾衣架,6,89,福州,京东白条,2025-12-28
117481970,食品,咖啡,1,5,深圳,花呗,2025-10-28
839369897,服装,围巾,1,499,郑州,微信支付,2025-10-21
188498371,家居用品,被子,2,89,天津,银行卡,2025-11-22
803821904,服装,T恤,5,399,武汉,花呗,2025-10-23
737458510,电子产品,手机,8,399,广州,微信支付,2025-10-17
845210115,食品,牛奶,6,5,深圳,花呗,2025-10-16
436458586,电子产品,耳机,2,1299,深圳,支付宝,2025-11-10
704829337,服装,帽子,3,89,广州,京东白条,2025-10-20
761506578,服装,围巾,4,299,杭州,花呗,2025-12-15
883841357,服装,牛仔裤,3,59,深圳,京东白条,2025-11-12
366467312,食品,咖啡,4,15,西安,支付宝,2025-12-20
655928892,图书,考试资料,1,59,重庆,微信支付,2025-12-17
514341484,服装,帽子,1,199,武汉,花呗,2025-10-08
439809925,食品,矿泉水,9,9,北京,银行卡,2025-10-13
927175323,图书,传记,9,79,南京,花呗,2025-10-01
164927936,图书,教材,5,15,成都,支付宝,2025-11-17
787771674,家居用品,拖鞋,7,199,长沙,支付宝,2025-12-18
649009234,图书,杂志,2,59,重庆,支付宝,2025-10-26
433041955,服装,西装裤,7,299,合肥,支付宝,2025-12-14
586804311,服装,T恤,2,129,郑州,支付宝,2025-12-20
853229478,电子产品,充电宝,2,299,北京,微信支付,2025-10-06
499291766,食品,咖啡,9,129,西安,微信支付,2025-10-24
662484182,家居用品,枕头,6,19,郑州,银行卡,2025-10-09
159527291,图书,教材,8,129,厦门,银行卡,2025-11-28
716233644,图书,杂志,3,79,西安,支付宝,2025-12-24
362585121,电子产品,耳机,1,4999,上海,支付宝,2025-10-16
962338680,家居用品,水杯,3,39,上海,京东白条,2025-12-24
391261014,食品,坚果,4,49,郑州,银行卡,2025-10-19
963651372,家居用品,枕头,1,399,南京,微信支付,2025-12-02
192755745,食品,面包,5,89,重庆,银行卡,2025-12-15
894113665,电子产品,数据线,5,399,合肥,银行卡,2025-12-08
916561565,食品,咖啡,8,199,成都,京东白条,2025-10-05
782837348,电子产品,鼠标,4,99,福州,银行卡,2025-12-01
668883968,家居用品,床垫,5,199,深圳,微信支付,2025-10-14
348541776,食品,牛奶,5,15,广州,支付宝,2025-12-14
243359401,家居用品,毛巾,10,29,深圳,京东白条,2025-12-27
811293744,食品,面包,10,199,上海,花呗,2025-10-08
586145040,家居用品,收纳箱,7,129,苏州,银行卡,2025-11-08
213449146,电子产品,耳机,10,299,深圳,微信支付,2025-10-15
927142786,食品,咖啡,2,69,福州,银行卡,2025-10-15
967150570,家居用品,毛巾,2,89,广州,微信支付,2025-12-10
863599447,图书,小说,6,45,杭州,支付宝,2025-10-12
133374137,食品,薯片,5,5,西安,微信支付,2025-11-28
209422179,食品,薯片,4,129,深圳,花呗,2025-10-04
499689381,电子产品,手机,3,399,成都,花呗,2025-12-21
169226321,电子产品,钢化膜,5,5999,广州,支付宝,2025-10-21
594989531,食品,饼干,6,9,深圳,支付宝,2025-10-06
833594284,图书,传记,8,99,北京,花呗,2025-11-06
259591761,家居用品,台灯,5,39,西安,花呗,2025-10-20
691297450,图书,考试资料,5,45,大连,花呗,2025-11-02
790042893,电子产品,充电宝,3,1299,郑州,微信支付,2025-12-08
939059557,图书,小说,6,99,大连,京东白条,2025-11-12
127984900,图书,科普书,7,79,西安,微信支付,2025-11-20
483790644,服装,T恤,1,199,大连,京东白条,2025-12-08
976479512,服装,牛仔裤,4,129,西安,京东白条,2025-12-02
353994846,服装,手套,6,399,南京,微信支付,2025-12-11
252581172,家居用品,地毯,6,19,合肥,京东白条,2025-12-07
196913120,食品,薯片,3,39,大连,支付宝,2025-10-08
456196659,图书,漫画,9,15,大连,支付宝,2025-12-07
258604568,服装,袜子,6,89,上海,支付宝,2025-12-23
856491925,服装,牛仔裤,6,699,广州,银行卡,2025-12-13
269118504,图书,教材,5,79,苏州,微信支付,2025-12-14
339699130,食品,咖啡,9,15,济南,银行卡,2025-12-19
882576281,服装,帽子,5,199,杭州,微信支付,2025-10-23
441682804,图书,传记,1,199,南京,京东白条,2025-12-08
355546183,图书,教材,3,129,苏州,支付宝,2025-11-11
325146786,服装,牛仔裤,8,299,北京,银行卡,2025-10-23
514396801,电子产品,数据线,2,499,北京,支付宝,2025-11-24
686288768,食品,饼干,8,69,长沙,银行卡,2025-11-04
958128631,食品,矿泉水,3,25,青岛,支付宝,2025-10-10
282649071,电子产品,数据线,2,499,广州,银行卡,2025-11-06
618334675,电子产品,智能手表,6,199,济南,京东白条,2025-12-01
208724746,食品,饼干,7,199,南京,支付宝,2025-11-07
419331516,服装,帽子,9,699,西安,银行卡,2025-10-04
158524142,电子产品,鼠标,9,5999,大连,微信支付,2025-11-01
204138894,食品,面包,10,39,大连,微信支付,2025-10-07
942754807,服装,运动鞋,8,59,深圳,银行卡,2025-11-16
498380251,食品,方便面,9,9,长沙,微信支付,2025-11-12
382824466,服装,围巾,5,39,青岛,花呗,2025-10-27
817411121,家居用品,地毯,3,19,深圳,支付宝,2025-11-26
515652006,图书,传记,4,199,福州,支付宝,2025-12-14
184777341,图书,历史书,4,199,大连,银行卡,2025-11-28
258320719,电子产品,智能手表,9,5999,合肥,京东白条,2025-10-25
145822897,食品,饼干,4,15,成都,微信支付,2025-11-03
880720904,食品,坚果,10,15,西安,银行卡,2025-10-03
658010933,食品,薯片,9,69,苏州,银行卡,2025-11-28
545004139,电子产品,钢化膜,9,5999,郑州,支付宝,2025-10-05
937029745,图书,考试资料,2,199,深圳,京东白条,2025-10-26
803072911,家居用品,拖鞋,7,129,西安,花呗,2025-11-19
254460628,图书,历史书,3,15,西安,花呗,2025-12-20
900742774,食品,牛奶,6,69,武汉,支付宝,2025-11-09
627872109,家居用品,床垫,5,129,重庆,银行卡,2025-12-22
389287503,电子产品,耳机,5,299,青岛,银行卡,2025-12-14
895583423,图书,教材,8,45,成都,花呗,2025-11-25
434065879,图书,绘本,9,15,南京,支付宝,2025-12-17
306978174,食品,饼干,10,129,北京,微信支付,2025-10-27
856594938,电子产品,耳机,8,99,上海,银行卡,2025-10-09
359779054,家居用品,毛巾,7,399,深圳,支付宝,2025-11-16
475551835,图书,历史书,8,35,合肥,京东白条,2025-11-06
274920492,家居用品,枕头,1,89,长沙,支付宝,2025-12-25
651131533,服装,外套,4,129,西安,花呗,2025-10-28
340271240,电子产品,键盘,3,299,济南,支付宝,2025-11-20
370581558,家居用品,收纳箱,7,199,天津,花呗,2025-10-15
107889398,家居用品,拖鞋,7,599,合肥,支付宝,2025-12-22
834883010,家居用品,拖鞋,10,599,重庆,银行卡,2025-10-16
804503060,电子产品,数据线,6,499,西安,银行卡,2025-12-21
964823687,家居用品,台灯,9,39,武汉,支付宝,2025-12-13
549431487,家居用品,被子,8,19,重庆,银行卡,2025-11-13
836928463,电子产品,钢化膜,4,5999,苏州,微信支付,2025-12-21
294493146,食品,咖啡,5,129,南京,京东白条,2025-11-04
802693852,食品,饼干,9,39,南京,银行卡,2025-10-08
379773344,家居用品,台灯,7,89,苏州,银行卡,2025-12-10
766422911,食品,面包,1,89,合肥,京东白条,2025-10-16
543570539,服装,西装裤,7,59,厦门,银行卡,2025-10-28
591313587,服装,连衣裙,6,129,郑州,京东白条,2025-10-11
781288086,服装,牛仔裤,6,499,南京,银行卡,2025-10-01
625679392,食品,方便面,3,25,合肥,微信支付,2025-10-05
511582876,图书,传记,7,99,郑州,花呗,2025-10-02
304630191,图书,漫画,1,79,苏州,京东白条,2025-10-22
210282113,电子产品,耳机,6,399,重庆,微信支付,2025-11-17
